{"U": 0.01938153627900883, "Ag": 1.0, "Ga": 0.1803017358565293, "C": 52426.60575025299}